id,collection,dc.contributor.author[],dc.date.issued[],dc.description.abstract[en_US],dc.description[],dc.identifier.citation[],dc.identifier.citation[en_US],dc.identifier.uri,dc.identifier.uri[],dc.language.iso[],dc.language.iso[en_US],dc.publisher[],dc.publisher[en_US],dc.subject[],dc.subject[en_US],dc.title.alternative[en_US],dc.title[],dc.title[en_US],dc.type[],dc.type[en_US]
3468,123456789/2749,,2011-04-05,,,,,http://hdl.handle.net/108/84623,http://128.9.32.51:8080/jspui/handle/108/84623,en,,University of Illions,,Battery||Power source||Electronic device||Digital memory,,,University Of Illinois Develop Technology That May Make Batteries 100 Times More Efficient,,Article,
3479,123456789/2749,"Shukla, Ajai",2014-11,,,"Business Standard, 23 Nov 2014",,http://hdl.handle.net/108/84613,http://128.9.32.51:8080/jspui/handle/108/84613,,,,,Artillery Gun||Artillery gun procurement||Defence Acquistion Council||ATAG programme,,,Parrikar starts artillery procurement; no sanction for buying more Pilatus trainers,,,
3447,123456789/2749,Express News,2011-05-12,,,"The Indian Express, Pune, 12 May 2011",,http://hdl.handle.net/108/84642,http://128.9.32.51:8080/jspui/handle/108/84642,en,,,,Military Power||India||Technology day||Saraswat,,,"Can do an Abbottabad, but it is against our values: Saraswat",,Article,
3462,123456789/2749,"Shukla, Ajai",2011-02-11,,,"Business Standards, 11 February 2011",,http://hdl.handle.net/108/84628,http://128.9.32.51:8080/jspui/handle/108/84628,en,,,,Combat Aircraft||MMRCA||Aero India||Defence deal,,,IAF chiefâ€™s googly on wrapping the MMRCA deals,,Article,
3500,123456789/2749,"Dutta, Ananya",2010-09-13,,"The Hindu, Chennai, 13 September 2010",,,http://hdl.handle.net/108/84594,http://128.9.32.51:8080/jspui/handle/108/84594,en,,,,DRDO||Agni-V||Missile programme,,,Saraswat: Agni-V will be test-fired in 2011,,Article,
3455,123456789/2749,"Shukla, Ajai",2011-03-07,,,"Business Standard, New Delhi, 7 March 2011",,http://hdl.handle.net/108/84635,http://128.9.32.51:8080/jspui/handle/108/84635,en,,,,Dhruv||Helicopter||DRDO,,,"In Siachen, Dhruv proves a world-beater",,Article,
3511,123456789/2749,,2010-05-26,,"The Hindu, New Delhi, 26 May 2010",,,http://hdl.handle.net/108/84584,http://128.9.32.51:8080/jspui/handle/108/84584,en,,,,Defence policy||DRDO,,,"Speed up defence research, deliver on time: Manmohan to scientists",,Article,
3474,123456789/2749,Times Now,2020-10-07,,,,,http://hdl.handle.net/108/173105,http://128.9.32.51:8080/jspui/handle/108/173105,,en_US,,:https://idrw.org/indian-defence-forces-considering-made-in-india-carbine-for-meetingurgent-requirements/,,Carbines||CQB,,,Indian defence forces considering â€˜Made in Indiaâ€™ carbine for meeting urgent requirements,,
3448,123456789/2749,"Banerjee, Ajay",2011-05-12,,,"The Tribune, 12 May 2011",,http://hdl.handle.net/108/84641,http://128.9.32.51:8080/jspui/handle/108/84641,en,,,,Bhishma||T-90||Tanks||Procurement,,,T-90 makeover: 'Bhishma'set to be more lethal,,Article,
3493,123456789/2749,,2012-08-13,,,,,http://hdl.handle.net/108/84600,http://128.9.32.51:8080/jspui/handle/108/84600,en,,"Financial Express, 24 July 2012",,Defence acquisition council||DAC||Offsets Management Agency||Offset Facilitation Agency,,,Amendments to Defence Offsets Policy cleared,,Article,
3484,123456789/2749,"Shukla, Ajai",2010-11-30,,,,,http://hdl.handle.net/108/84608,http://128.9.32.51:8080/jspui/handle/108/84608,en,,DRDO,,CL-20||HEMRL||DRDO||Explosives,,,DRDO reverse-engineers process to manufacture world's most powerful explosive,,Article,
3469,123456789/2749,,2012-03-29,,,Business Standard,,http://hdl.handle.net/108/84622,http://128.9.32.51:8080/jspui/handle/108/84622,en,,,,155mm Guns||155 mm artillery gun||45-calibre gun,,,Defexpo 2012: Kalyani Group artillery to be featured,,Article,
3440,123456789/2749,Task and Purpose,2020-10-19,,,,,http://hdl.handle.net/108/173117,http://128.9.32.51:8080/jspui/handle/108/173117,,,,Task and purpose.com,,TASS||Ratnik-3||Tactical Assault Light Operator Suit (TALOS),,,Russia just released footage of a brand new combat exoskeleton in action,,
3463,123456789/2749,ANI,2020-10-06,,,,,http://hdl.handle.net/108/173106,http://128.9.32.51:8080/jspui/handle/108/173106,,,,,,LMG||Sig-Sauer assault rifles,,,New lot of American-origin Sig-Sauer assault rifles to be for troops deployed on China border,,Article
3456,123456789/2749,"Shukla, Ajai",2011-03-06,,,"Business Standard, New Delhi, 6 March 2011",,http://hdl.handle.net/108/84634,http://128.9.32.51:8080/jspui/handle/108/84634,en,,,,ABM||Anti-Ballistic Missile||Interceptor Missile||Missile Defence System,,,DRDO successfully tests anti-ballistic missile (ABM) interceptor,,Article,
3449,123456789/2749,The Hindu,2015-01-15,,,"The Hindu,January 02, 2015.â€˜Make in Indiaâ€™ needs a new materials push: DRDO chief",,http://hdl.handle.net/108/84640,http://128.9.32.51:8080/jspui/handle/108/84640,,,The Hindu,,Materials||Materials development||Materials development life cycle||DRDO,,,â€˜Make in Indiaâ€™ needs a new materials push: DRDO chief,,Article,
3441,123456789/2749,ANI,2020-10-01,,,,,http://hdl.handle.net/108/173108,http://128.9.32.51:8080/jspui/handle/108/173108,,,,,,ATGM,,,India Test-Fires Laser-Guided Anti Tank Missile from MBT Arjun in Ahmednagar,,
3522,123456789/2749,,2010-06-10,,"The Hindu, Chennai, 10 June 2010",,,http://hdl.handle.net/108/84574,http://128.9.32.51:8080/jspui/handle/108/84574,en,,,,Bomb||Laser,,,Flight tests of laser-guided bombs tested,,Article,
3480,123456789/2749,"Shukla, Ajai",2010-10-07,,"Business Standard, New Delhi, 6 October 2010",,,http://hdl.handle.net/108/84612,http://128.9.32.51:8080/jspui/handle/108/84612,en,,,,Defence industries||DRDO,,,"Pvt sector to develop Rs 10,000 cr army communications network",,Article,
3457,123456789/2749,,2010-12-15,,"Frontline, 17 December 2010, pp.56-58",,,http://hdl.handle.net/108/84633,http://128.9.32.51:8080/jspui/handle/108/84633,en,,,,Defence deal||U.S.||Defence policy,,,Merchants of Death,,Article,
3450,123456789/2749,"Shukla, Ajai",2015-01-05,,,Shukla Ajai (jan 2015)Parrikar engages private defence industry to boost indigenous arms,,http://hdl.handle.net/108/84639,http://128.9.32.51:8080/jspui/handle/108/84639,,,Indian express,,Defence Production||Make category||MSME||Defence Industry||Private defence industry,,,Parrikar engages private defence industry to boost indigenous arms,,Article,
3442,123456789/2749,"Shukla, Ajai",2011,,,"The Bussiness Standered ,2012",,http://hdl.handle.net/108/84647,http://128.9.32.51:8080/jspui/handle/108/84647,,,,,MBT Arjun||FMBT,,,FMBT : Army dithers over futuristic tank DRDO pursues  engine (Part I),,Article,
3503,123456789/2749,"Shukla, Ajai",2010-07-27,,"Business Standard, New Delhi, 27 July 2010",,,http://hdl.handle.net/108/84591,http://128.9.32.51:8080/jspui/handle/108/84591,en,,,,Artillery weapon||155mm||Bofors,,,The Indian Artillery Project: An Indian journey sans Bofors baggage,,Article,
3464,123456789/2749,,2011-02-10,,,"The Times of India, 10 February 2011",,http://hdl.handle.net/108/84627,http://128.9.32.51:8080/jspui/handle/108/84627,en,,,,DRO||UK||Collaboration||DSTL,,,UK agency inks deal with DRDO,,Article,
3475,123456789/2749,,2011-03-17,,,"The Hindu, New Delhi 17 March 2011",,http://hdl.handle.net/108/84617,http://128.9.32.51:8080/jspui/handle/108/84617,en,,,,Nuclear||Radiation||Japan,,,How the nuclear plant crisis happened,,Article,
3470,123456789/2749,,2011-03-28,,,,,http://hdl.handle.net/108/84621,http://128.9.32.51:8080/jspui/handle/108/84621,en,,,,MRLS||Rockets||Tornados||Russia,,,Russian Army to get new Tornado-G Multiple Rocket Launching System (MRLS),,Article,
3443,123456789/2749,"Singh, Dipti",2015-01-05,,,"Singh Dipti (2015) Day 1: ISRO, DRDO stalls draw most crowd",,http://hdl.handle.net/108/84646,http://128.9.32.51:8080/jspui/handle/108/84646,,,Indian express,,Indian science congress||DRDO||Defence Exhibition,,,"Day 1: ISRO, DRDO stalls draw most crowd",,Article,
3451,123456789/2749,"Shukla, Ajai",2011-07-21,,,"Business Standard, New Delhi, 21 July 2011",,http://hdl.handle.net/108/84638,http://128.9.32.51:8080/jspui/handle/108/84638,en,,,,Prahaar||Surface to Surface||Missile||DRDO,,,`PRAHAARâ€™- NEW SURFACE TO SURFACE TACTICAL MISSILE SUCCESSFULLY LAUNCHED,,Article,
3489,123456789/2749,,2011-03-17,,,,,http://hdl.handle.net/108/84604,http://128.9.32.51:8080/jspui/handle/108/84604,en,,"AERB, India",,Nuclear||Non-Proliferation||Radiation awareness,,,AERB reviews safety in Indian nuclear power plants,,Article,
3458,123456789/2749,"Shukla, Ajai",2011-07-19,,,"Business Standard, New Delhi, 18 July 2011",,http://hdl.handle.net/108/84632,http://128.9.32.51:8080/jspui/handle/108/84632,en,,,,Defence Industries||PLA||China||India||DRDO,,,China's defence industry offers lessons to India,,Article,
3497,123456789/2749,,2010-05-14,,"The Hindu, New Delhi, 14 May 2010",,,http://hdl.handle.net/108/84597,http://128.9.32.51:8080/jspui/handle/108/84597,en,,,,Restructure||DRDO||Defence University||Defence Technology Commission,,,Revamp of DRDO planned to make it more accountable,,Article,
3444,123456789/2749,"Shukla, Ajai",2011-02-22,,,"Business Standard, New Delhi, 22 February 2011",,http://hdl.handle.net/108/84645,http://128.9.32.51:8080/jspui/handle/108/84645,en,,Business Standard,,LCA||ADA||DRDO||Tejas||Development cost,,,When a Sword Arm is Worth It,,Article,
3465,123456789/2749,,2011-02-10,,,"The Times of India, 10 February 2011",,http://hdl.handle.net/108/84626,http://128.9.32.51:8080/jspui/handle/108/84626,en,,,,LCA||Test||Shore-based,,,Shore-based test facility for LCA by 2012,,Article,
3452,123456789/2749,Tribune News Service,2020-10-06,,,,,http://hdl.handle.net/108/173107,http://128.9.32.51:8080/jspui/handle/108/173107,,,,,,Supersonic Missile Assisted Release of Torpedo (SMART)||SMART||Velocity Reduction Mechanism (VRM),,,"SMART, a â€˜game-changingâ€™ anti-submarine weapon, flight tested by DRDO",,Article
3485,123456789/2749,IDRW NEWS NETWORK,2020-10-09,,,,,http://hdl.handle.net/108/173104,http://128.9.32.51:8080/jspui/handle/108/173104,,en_US,,https://idrw.org/iaf-planning-to-procure-more-erj-145-based-netra-aewcs/#more-237286,,ERJ-145 based Netra AEW&CS||Netra||AEW&CS||ERJ-145,,,IAF planning to procure more ERJ-145 based Netra AEW&CS,,
3471,123456789/2749,"Shukla, Ajai",2011-02-12,,,"Business Standard, Bangalore, 12 Feb 2011",,http://hdl.handle.net/108/84620,http://128.9.32.51:8080/jspui/handle/108/84620,en,,,,India||US||LCA||Defence deal||Defence policy,,,"DRDO, US working on 30 high-tech projects",,Article,
3459,123456789/2749,,2011-05-16,,,,,http://hdl.handle.net/108/84631,http://128.9.32.51:8080/jspui/handle/108/84631,en,,Aviation Week,,MBT||Arjun Mk II||Armament||Air Defence Gun,,,Advanced Tank For India Ready For Testing,,Article,
3445,123456789/2749,"Shukla, Ajai",2012-08-13,,,,,http://hdl.handle.net/108/84644,http://128.9.32.51:8080/jspui/handle/108/84644,en,,"By Ajai Shukla New Delhi Friday, 10 August 2012",,Offset agency||The defence ministry||DOMW,,,"Defence ministry setting up new offset agency, starts hiring private consultants",,Article,
3481,123456789/2749,"Shukla, Ajai",2012-03-29,,,"Business Standard, New Delhi, 29 March 2012",,http://hdl.handle.net/108/84611,http://128.9.32.51:8080/jspui/handle/108/84611,en,,,,Defence Exhibition||DefExpo||India,,,Defexpo India 2012 kicks off today,,Article,
3476,123456789/2749,"Shukla, Ajai",2010-11-27,,"The Business Standard, Bangalore 27 November 2010",,,http://hdl.handle.net/108/84616,http://128.9.32.51:8080/jspui/handle/108/84616,en,,The Business Standard,,FIB||Fast Intercepter Boat||Costal security,,,BEL says new coastal surveillance system is ready,,Article,
3453,123456789/2749,"Shukla, Ajai",2011-05-13,,,"Business Standard, New Delhi, 13 May 2011",,http://hdl.handle.net/108/84637,http://128.9.32.51:8080/jspui/handle/108/84637,,,,,BAE System||155 mm||India||Defence procurement,,,BAE Systems rethinks decision on artillery contracts,,,
3446,123456789/2749,smartonline,2015-01-02,,,Smartonline 2 December 2015,,http://hdl.handle.net/108/84643,http://128.9.32.51:8080/jspui/handle/108/84643,,,The Hindu,,Material design||Materials development life cycle,,,"""Success of â€˜Make in Indiaâ€™ Hinges on Material Design""",,Article,
3466,123456789/2749,,2011-02-10,,,"The Times of India, 10 February 2011",,http://hdl.handle.net/108/84625,http://128.9.32.51:8080/jspui/handle/108/84625,en,,,,DRDO||Technology park||IIT||Madras,,,DRDO plans techno park in Chennai,,Article,
3513,123456789/2749,,2010-05-28,,"The Statesman, New Delhi, 28 May 2010",,,http://hdl.handle.net/108/84582,http://128.9.32.51:8080/jspui/handle/108/84582,en,,,,Defence policy||Defence technology,,,DRDO must be open to ideas,,Article,
3460,123456789/2749,,2011-03-03,,,,,http://hdl.handle.net/108/84630,http://128.9.32.51:8080/jspui/handle/108/84630,en,,,,Defence Budget||India||2011,,,Defence Budget-2011,,Article,
3494,123456789/2749,,2010-05-26,,"The Indian Express, New Delhi, 28 May 2010",,,http://hdl.handle.net/108/84599,http://128.9.32.51:8080/jspui/handle/108/84599,en,,,,DRDO||Blam game||Defence policy,,,DRDO alone not at fault says chief,,Article,
3472,123456789/2749,"Behra, Laxman K",2011-03-09,,,,,http://hdl.handle.net/108/84619,http://128.9.32.51:8080/jspui/handle/108/84619,en,,"Institute of Defence Studies and Analysis, New Delhi, India",,Defence Budget||India||2011-12||Budget Analysis,,,IDSA Comment on Indian Defence Budget 2011-12,,Article,
3454,123456789/2749,The Hindu,2014,,,"The Hindu,December 20, 2014.India tests glide bomb",,http://hdl.handle.net/108/84636,http://128.9.32.51:8080/jspui/handle/108/84636,en,,The Hindu,,glide bomb||navigation glide bomb,,,India tests glide bomb,,Article,
3506,123456789/2749,"Mohan, Vijay",2010-07-21,,"The Tribune, Chandigarh, 21 July 2010",,,http://hdl.handle.net/108/84588,http://128.9.32.51:8080/jspui/handle/108/84588,en,,,,TBRL||Grenade,,,Army orders 1 million pieces of grenade developed by DRDO's Chandigarh lab,,Article,
3467,123456789/2749,"Shukla, Ajai",2011-02-05,,,Business Standard,,http://hdl.handle.net/108/84624,http://128.9.32.51:8080/jspui/handle/108/84624,en,,,,Aero India 2011||TEJAS||LCA||India,,,Five Tejas fighters to light up Aero India,,Article,
3461,123456789/2749,The Hindu,2014-12,,,"The Hindu, 9 December 2014",,http://hdl.handle.net/108/84629,http://128.9.32.51:8080/jspui/handle/108/84629,en,,,,Pinaka||Pinaka Mk.II||Extended Pinaka||Pinaka Trial||Pinaka,,,Advanced Pinaka Mark-II rocket successfully test-fired,,Article,
3477,123456789/2749,"Shukla, Ajai",2010-11-10,,"The Business Standard, New Delhi, 10 November 2010",,,http://hdl.handle.net/108/84615,http://128.9.32.51:8080/jspui/handle/108/84615,en,,The Business Standard,,Defence policy||India||US,,,"In major shift, DRDO looks at building arms with America",,Article,
3490,123456789/2749,"Raghava, M",2010-10-11,,"The Hindu, Bangalore, 11 October 2010",,,http://hdl.handle.net/108/84603,http://128.9.32.51:8080/jspui/handle/108/84603,en,,,,S&T||Operating system||DRDO,,,Saraswat: DRDO working on India's own computer operating system,,Article,
3482,123456789/2749,"Shukla, Ajai",2010-09-27,,"Business Stnadard, New Delhi, 27th September 2010",,,http://hdl.handle.net/108/84610,http://128.9.32.51:8080/jspui/handle/108/84610,en,,,,NLW||Non lethal weapon,,,Agitating protestors are in for a shock,,Article,
3486,123456789/2749,"Shukla, Ajai",2011-03-16,,,,,http://hdl.handle.net/108/84607,http://128.9.32.51:8080/jspui/handle/108/84607,en,,,,Explosives||Detector||Bioexplorers,,,"Innovation Track: Detecting explosives at the click... er, sniff... of a mouse",,Article,
3501,123456789/2749,"Shukla, Ajai",2010-09-02,,"Business Standard, 2 September 2010, New Delhi",,,http://hdl.handle.net/108/84593,http://128.9.32.51:8080/jspui/handle/108/84593,en,,,,Defence policy||Navy,,,"N-subs: India debates, China struggles",,Article,
3478,123456789/2749,"Subramanian, T.S.",2010-10-04,,"The Hindu, Chennai, 4 October 2010",,,http://hdl.handle.net/108/84614,http://128.9.32.51:8080/jspui/handle/108/84614,en,,The Hindu,,FMBT||MBT||Ajeya||T-72||Tank,,,"1,500-horsepower FMBT to replace T-72 tanks beyond 2020",,Article,
3473,123456789/2749,"Naik, Ajay",2011-03-28,,,,,http://hdl.handle.net/108/84618,http://128.9.32.51:8080/jspui/handle/108/84618,en,,,,155mm||Artillery Gun||Infantry weapon,,,DRDO may field Indigenous 155-mm gun for the Indian Army by end of 2013,,Article,
3498,123456789/2749,"Ajai, Shukla",2010-09-09,,,,,http://hdl.handle.net/108/84596,http://128.9.32.51:8080/jspui/handle/108/84596,en,,,,Defence procurement||MoD||India,,,Frustrated global arms vendors write to Ministry of Defence,,Article,
3487,123456789/2749,"Shukla, Ajai",2010-11-23,,"The Business Standard, BEL Bangalore, 23 November 2010",,,http://hdl.handle.net/108/84606,http://128.9.32.51:8080/jspui/handle/108/84606,en,,Business Standard,,Akash||Missile,,,First Akash missile system to fill gap in air defence,,Article,
3495,123456789/2749,"Shukla, Ajai",2010-08-24,,,,,http://hdl.handle.net/108/84598,http://128.9.32.51:8080/jspui/handle/108/84598,en,,,,CAG||Defence Audit,,,Ajai Shukla: Does the CAG leak defence secrets?,,Article,
3491,123456789/2749,,2010-09-03,,,,,http://hdl.handle.net/108/84602,http://128.9.32.51:8080/jspui/handle/108/84602,en,,"PIB, New Delhi",,Defence cooperation||South Korea||India||DRDO,,,India and South Korea Sign two Landmark MoUs to Boost Defence Cooperation,,Article,
3515,123456789/2749,,2010-05-25,,"Press Trust Of India, New Delhi, 25 May 2010",,,http://hdl.handle.net/108/84580,http://128.9.32.51:8080/jspui/handle/108/84580,en,,,,Laser Weapon||DRDO,,,Army for laser-based weapons on its futuristic tanks,,Article,
3509,123456789/2749,,2010-05-28,,,,,http://hdl.handle.net/108/84586,http://128.9.32.51:8080/jspui/handle/108/84586,en,,,,DRDO scientists||Award,,,PM honours five Pune DRDO scientists,,Article,
3504,123456789/2749,"Shukla, Ajai",2010-08-23,,"Business Standard, New Delhi, 23 August 2010",,,http://hdl.handle.net/108/84590,http://128.9.32.51:8080/jspui/handle/108/84590,en,,,,155 mm||Indian gun,,,An Indian gun will bypass difficult trials,,Article,
3483,123456789/2749,"Shukla, Ajai",2014,,,"Business Standard, 21 August 2014",,http://hdl.handle.net/108/84609,http://128.9.32.51:8080/jspui/handle/108/84609,en,,,,DRDO Award||Prime Misiter Speech,,,Better innovation for the military: Modi to DRDO,,Article,
3502,123456789/2749,"Shukla, Ajai",2010-08-30,,"Business Standard, 30 August 2010, New Delhi",,,http://hdl.handle.net/108/84592,http://128.9.32.51:8080/jspui/handle/108/84592,en,,,,Defence policy||Navy,,,Navy torpedoes Indian private shipyards' role in new project,,Article,
3492,123456789/2749,"Shukla, Ajai",2010-08-31,,"Business Standard, 31 August 2010, New Delhi",,,http://hdl.handle.net/108/84601,http://128.9.32.51:8080/jspui/handle/108/84601,en,,,,Defence Policy||DRDO,,,Second Submarine line for Mazagon Dock,,Article,
3488,123456789/2749,"Shukla, Ajai",2010-09-21,,"Business Standard, New Delhi, 21 September 2010",,,http://hdl.handle.net/108/84605,http://128.9.32.51:8080/jspui/handle/108/84605,en,,,,Defence policy,,,Making warships happen,,Article,
3499,123456789/2749,"Shukla, Ajai",2010-09-15,,"Business Standard, 15 September 2010, New Delhi",,,http://hdl.handle.net/108/84595,http://128.9.32.51:8080/jspui/handle/108/84595,en,,,,Air Force||India,,,Air Force Network (AFNet) frees frequencies for telecom,,,
3524,123456789/2749,"Shukla, Ajai",2012-07-05,,,"Bussiness Standerds, Delhi, 5 July 2012",,http://hdl.handle.net/108/84572,http://128.9.32.51:8080/jspui/handle/108/84572,en,,,,Offset policy||Arms Vendors||Defence policy,,,Make offsets work,,Article,
3507,123456789/2749,The Week,2020-10-10,,,,,http://hdl.handle.net/108/173102,http://128.9.32.51:8080/jspui/handle/108/173102,,en_US,,:https://idrw.org/indias-missile-scientists-in-top-gear-with-six-successful-tests-in-five-weeks/ #more-237318,,MIssiles||HSTDV||RUDRAM,,,Indiaâ€™s missile scientists in top gear with six successful tests in five weeks,,
3512,123456789/2749,"Phadnis, Renuka",2010-06-03,,"Bangalor Mirror, Bangalore, 03 June 2010",,,http://hdl.handle.net/108/84583,http://128.9.32.51:8080/jspui/handle/108/84583,en,,,,Body Armour||Material||Bullet proof jacket,,,Armour of defence,,Article,
3496,123456789/2749,Hindusstan Times,2020-10-09,,,,,http://hdl.handle.net/108/173103,http://128.9.32.51:8080/jspui/handle/108/173103,,en_US,,:https://idrw.org/russia-offers-india-winter-clothing-and-sprut-light-weight-tanks-with-a-t90-barrel-for-ladakh-stand-off/,,T-90||Light Weight Tank,,,Russia offers India winter clothing and Sprut light weight tanks with a T-90 barrel for Ladakh stand-off,,
3517,123456789/2749,,2010-12-15,,"The Mail Today, 15 December 2010",,,http://hdl.handle.net/108/84578,http://128.9.32.51:8080/jspui/handle/108/84578,en,,,,EM gun||Rail gun,,,The supergun that can shoot & kill an enemy 161km away,,Article,
3505,123456789/2749,"Shukla, Ajai",2012-08-13,,,,,http://hdl.handle.net/108/84589,http://128.9.32.51:8080/jspui/handle/108/84589,en,,"by Ajai Shukla Tuesday, 7 August 2012",,The defence ministry||Offset defence policy||DDP,,,"For foreign vendors, by foreign vendors",,Article,
3510,123456789/2749,,2010-05-26,,"Hindustan Times,New Delhi, 26 May 2010",,,http://hdl.handle.net/108/84585,http://128.9.32.51:8080/jspui/handle/108/84585,en,,,,DROD policy||Defence policy,,,Self-reliance in defence R&D low,,Article,
3519,123456789/2749,,2010-07-08,,"The Times of India, Pune, 08 July 2010",,,http://hdl.handle.net/108/84577,http://128.9.32.51:8080/jspui/handle/108/84577,en,,,,Ceramic||Body Armour||Material||Glass||Anil M Datar,,,Research on lightweight body armour needed,,Article,
3514,123456789/2749,,2010-05-26,,,,,http://hdl.handle.net/108/84581,http://128.9.32.51:8080/jspui/handle/108/84581,en,,,,INSAS||Small Arms,,,Indian army wants INSAS series of rifles replaced,,Article,
3508,123456789/2749,"Shukla, Ajai",2010-07-28,,"Business Standard, New Delhi, 28 July 2010",,,http://hdl.handle.net/108/84587,http://128.9.32.51:8080/jspui/handle/108/84587,en,,,,155mm||Artillery Gun||ARDE,,,155MM Gun contract: DRDO enters the fray,,Article,
3526,123456789/2749,"Pandit, Rajat",2010-08-03,,"The Times of India, New Delhi, 03 August 2010",,,http://hdl.handle.net/108/84570,http://128.9.32.51:8080/jspui/handle/108/84570,en,,,,DEW||Laser Weapon,,,DRD0's next: Star Wars-like weapons,,Article,
3516,123456789/2749,"Wasserbly, Daniel",2010-07-09,,"Jane's Defence Weekly, 09 July 2010",,,http://hdl.handle.net/108/84579,http://128.9.32.51:8080/jspui/handle/108/84579,en,,,,High-Energy Laser||HEL||Laser Weapon,,,US DoD launches laser project for smaller platforms,,Article,
3521,123456789/2749,"Ranjit, Kumar",2010-06-15,,"Navbharat Times, New Delhi, 15 June 2010",,,http://hdl.handle.net/108/84575,http://128.9.32.51:8080/jspui/handle/108/84575,en,,,,Defence policy||Foreing investment,,,Defence sector mein aa sakti hai auto jaisi chamak,,Article,
3523,123456789/2749,"Ray, Kalyan",2010-08-03,,"The Hindu, New Delhi, 03 August 2010",,,http://hdl.handle.net/108/84573,http://128.9.32.51:8080/jspui/handle/108/84573,en,,,,Laser weapon||LASTEC,,,India developing laser weapons to target missiles,,Article,
3518,123456789/2749,The Print,2020-10-10,,,,,http://hdl.handle.net/108/173101,http://128.9.32.51:8080/jspui/handle/108/173101,,en_US,,https://idrw.org/indian-armys-russian-dragunov-sniper-rifle-could-soon-get-long-awaitedupgrade/#more-237347,,Russian Dragunov sniper rifle||Kalashnikov,,,Indian Armyâ€™s Russian Dragunov sniper rifle could soon get long-awaited upgrade,,
3525,123456789/2749,"Josheph, Josey",2010-08-01,,"The Times of India, New Delhi, 01 August 2010",,,http://hdl.handle.net/108/84571,http://128.9.32.51:8080/jspui/handle/108/84571,en,,,,DRDO||Defence Procurement||MIC,,,Farewell to foreign arms,,Article,
3520,123456789/2749,,2010-06,,"Defence Security, June 2010",,,http://hdl.handle.net/108/84576,http://128.9.32.51:8080/jspui/handle/108/84576,en,,,,Restructure||DRDO,,,DRDO in recast mode,,Article,
3527,123456789/2749,"Shukla, Ajay",2015-08,,,,,http://hdl.handle.net/108/84569,http://128.9.32.51:8080/jspui/handle/108/84569,,,,,Indian trade promotion Organisation||Defence Exhibition Organisation||Pragati maidan,,,Defexpo 2016 moves to Goa from Delhi,,,
3528,123456789/2749,"Joseph, Josy",2012-09-24,,,,,http://hdl.handle.net/108/84568,http://128.9.32.51:8080/jspui/handle/108/84568,en,,"Times of India 23rd Sep 2012, New Delhi",,Fiscal powers||Financial Power||SA to RM,,,MoD restricts DRDO chief's fiscal powers,,Article,
3529,123456789/2749,Economic Times,2020-10-13,,,,,http://hdl.handle.net/108/173100,http://128.9.32.51:8080/jspui/handle/108/173100,,en_US,,http://idrw.org/uae-firm-selected-for-carbines-in-talks-with-indian-defence-majors-to-set-up-plant/#more-237490,,Defence Acquisition Council (DAC)||CARACAL||Carbines,,,UAE firm selected for carbines in talks with Indian defence majors to set up plant,,Article
3594,123456789/2749,The Indian Express,2018-04-11,,,,,http://hdl.handle.net/108/153365,http://128.9.32.51:8080/jspui/handle/108/153365,,,,The Indian Express,,Defexpo||Ministry of defence||DRDO,,,TN to emerge as major defence hub : Sitharaman,,
3554,123456789/2749,,2010-12,,"The Econonomics Times, 31 December 2010",,,http://hdl.handle.net/108/84546,http://128.9.32.51:8080/jspui/handle/108/84546,en,,The Economics Times,,DTC||Defence Technology Commisssion,,,Defence Technology Commission to be functional next year,,Article,
3547,123456789/2749,"Shukla, Ajai",2010-04-18,,"Business Standard, New Delhi, 19 April 2010",,,http://hdl.handle.net/108/84551,http://128.9.32.51:8080/jspui/handle/108/84551,en,,,,Artillery Gun||Defence Procurement,,,Singapore gun arrives today; stage,,Article,
3530,123456789/2749,PTI,2012-08-13,,,,,http://hdl.handle.net/108/84567,http://128.9.32.51:8080/jspui/handle/108/84567,en,,PTI,,Defence Offset Guidelines||DOG||Defence Offset Policy,,,Revised Defence Offset Guidelines,,Article,
3605,123456789/2749,News Service,2018-01-19,,,,"The Hindu,17 Jan 2018",http://hdl.handle.net/108/152183,http://128.9.32.51:8080/jspui/handle/108/152183,,,,,,Assault Rifles||Carbines||CQB||DAC||GSQR||Infantry soldier,,,"Army to get modern assault rifles, carbines",,
3539,123456789/2749,"Pandit, Rajat",2011-03-14,,,"The Times of India, 14 March 2011",,http://hdl.handle.net/108/84558,http://128.9.32.51:8080/jspui/handle/108/84558,en,,,,Defence deal||India,,,India world's No. 1 arms importer,,Article,
3567,123456789/2749,"Shukla, Ajai",2011-11-24,,,,,http://hdl.handle.net/108/84534,http://128.9.32.51:8080/jspui/handle/108/84534,,,,,T-90 tank,,,Part II: Armyâ€™s delayed orders halts T-90 tank,,,
3587,123456789/2749,"Shukla, Ajay",2018-04-10,,,,,http://hdl.handle.net/108/153371,http://128.9.32.51:8080/jspui/handle/108/153371,,,,,,Defexpo 2018||FICV||GNSS||GLONASS,,,High-tech MSMEs like aeron look to Defexpo for orders,,
3578,123456789/2749,Task Nad Purpose,2020-10-15,,,,,http://hdl.handle.net/108/173115,http://128.9.32.51:8080/jspui/handle/108/173115,,,,Source:https://taskandpurpose.com/military-tech/kalashnikov-ak-19-assaultrifle- video,,AK-47||Kalashnikov,,,The company behind the AK-47 just unveiled a brand new rifle,,
3531,123456789/2749,"Shukla, Ajai",2012-09-03,,,,,http://hdl.handle.net/108/84566,http://128.9.32.51:8080/jspui/handle/108/84566,en,,"Business Standard, Sunday, 2 September 2012",,Satellite navigation||GPS||GAGAN,,,Satellite navigation breakthrough for aircraft and weapons,,Article,
3561,123456789/2749,"Unithan, Sandeep",2015-07,,,,,http://hdl.handle.net/108/84539,http://128.9.32.51:8080/jspui/handle/108/84539,,,,,Assault rifle||INSAS||MCAR||Multi-Caliber Assault Rifles||Defence procurement,,,Army scraps the world's largest assault rifle tender,,,
3555,123456789/2749,"Shukla, Ajai",2009-08-31,,,,,http://hdl.handle.net/108/84545,http://128.9.32.51:8080/jspui/handle/108/84545,en,,"Business Standard, New Delhi, 31 December 2009",,Small Arms||Modern weapons,,,Private cos to arm police with modern weapons,,Article,
3540,123456789/2749,DESIDOC,2020-05-01,,,,,http://hdl.handle.net/108/156837,http://128.9.32.51:8080/jspui/handle/108/156837,,en_US,,DESIDOC - DRDO,,COVID- 19,,,News Papers Clippings of DRDO on COVID-19,,Article
3548,123456789/2749,"Shukla, Ajai",2010-06-16,,"Business Standard, New Delhi, 16 June 2010",,,http://hdl.handle.net/108/84550,http://128.9.32.51:8080/jspui/handle/108/84550,en,,,,Defence Policy||India,,,Arms spending: India grows as west shrinks,,Article,
3616,123456789/2749,News Service,2017-11-28,,,,"The Economic Times, 25 nov 2017",http://hdl.handle.net/108/151701,http://128.9.32.51:8080/jspui/handle/108/151701,,,,,,DARPA||Sukhoi Su-30 MKI||DRDO||NPO Mashinostroyeniya||HEMRL,,,Use Defence Budget To Boost Innovation,,
3532,123456789/2749,"Bedi, Rahul",2012-09-01,,,,,http://hdl.handle.net/108/84565,http://128.9.32.51:8080/jspui/handle/108/84565,en,,Jane's Defence Weekly 2012,,close quarter battle||CQB||Defence Procurement,,,India to kick off carbine trials,,Article,
3597,123456789/2749,"Pandit, Rajat",2018-03-14,,,,,http://hdl.handle.net/108/152827,http://128.9.32.51:8080/jspui/handle/108/152827,,,,The Times Of India,,Defence Budget||IAF||B C Khanduri,,,"Defence budget dashed Army's hopes ,vice-chief tells Parl panel",,Article
3573,123456789/2749,DLJ,2019-08-30,,,,,http://hdl.handle.net/108/155846,http://128.9.32.51:8080/jspui/handle/108/155846,,,,DLJ,,Neeraj Kumar Agrahari,,,Induction Course For STA 'B',,Other
3541,123456789/2749,"Shukla, Ajai",2011-01-14,,"The Business Standard, New Delhi, 14 January 2011",,,http://hdl.handle.net/108/84557,http://128.9.32.51:8080/jspui/handle/108/84557,en,,The Business Standard,,Defence Production Policy||DPP||Min of Defence||India,,,Defence Production Policy aims to bring in pvt sector,,Article,
3533,123456789/2749,"Shukla, Ajay",2015-07,,,,,http://hdl.handle.net/108/84564,http://128.9.32.51:8080/jspui/handle/108/84564,,,,,Third-party evaluation||FutureMain battle tank(FMBT)||Future ready combat vehicle(FRCV),,,"Good enough for China, but India spurns Arjun tank",,,
3549,123456789/2749,"Shukla, Ajai",2010-04-14,,"Business Standard, New Delhi, 14 April 2010",,,http://hdl.handle.net/108/84549,http://128.9.32.51:8080/jspui/handle/108/84549,en,,,,DRDO||Arjun Tank||CVRDE,,,Army to purchase more Arjun Tanks,,Article,
3568,123456789/2749,"Mallikarjun, Y",2012,,,"The Hindu, 21 February 2012",,http://hdl.handle.net/108/84533,http://128.9.32.51:8080/jspui/handle/108/84533,en_US,,,,Seeker||PGMs||RCI||DRDO,,,DRDO scientists to develop advanced seekers for tactical missiles,,Article,
3556,123456789/2749,"Shukla, Ajai",2012-07-05,,,"Bussiness Standerds, Delhi, 5 July 2012",,http://hdl.handle.net/108/84544,http://128.9.32.51:8080/jspui/handle/108/84544,en,,,,FICV||Combact Vehicle,,,"The Future Infantry Combat Vehicle (FICV): Private sector awaits MoD decision on Rs 50,000 crore contract",,Article,
3562,123456789/2749,"Shukla, Ajai",2012,,,"Business Standard, 3 Jan 2012, New Delhi",,http://hdl.handle.net/108/84538,http://128.9.32.51:8080/jspui/handle/108/84538,,,,,MBT Arjun||FMBT||DRDO||CVRDE,,,FMBT Part II: Indiaâ€™s future main battle tank now grapples with a weight issue,,Article,
3542,123456789/2749,"Shukla, Ajai",2011-01-10,,"The Business Standard, Hyderabad, 10 Jan 2011",,,http://hdl.handle.net/108/84556,http://128.9.32.51:8080/jspui/handle/108/84556,en,,Business Standard,,DPP||2011,,,"Q&A: M M Pallam Raju, Minister of State for Defence",,Article,
3534,123456789/2749,"Shukla, Ajay",2015-07,,,,,http://hdl.handle.net/108/84563,http://128.9.32.51:8080/jspui/handle/108/84563,,,,,Delivery is the key||IDGMP,,,We want to standardize our weapon programmes: DRDO Chief Dr Christopher,,,
3583,123456789/2749,NASA,2018-09-17,,,,,http://hdl.handle.net/108/154304,http://128.9.32.51:8080/jspui/handle/108/154304,,en_US,,The Indian Express,,Laser satelite||ICESat-2||NASA,,,NASA launches laser satellite to track ice loss,,Article
3550,123456789/2749,"Shukla, Ajai",2010-06-01,,"Business Standard, New Delhi, 01 June 2010",,,http://hdl.handle.net/108/84548,http://128.9.32.51:8080/jspui/handle/108/84548,en,,,,Defence policy||DRDO,,,Fundamentally defensive,,Article,
3591,123456789/2749,"Shukla, Ajay",2018-04-13,,,,,http://hdl.handle.net/108/153368,http://128.9.32.51:8080/jspui/handle/108/153368,,,,Bussiness Standards,,HAL||Super Hornet fighters||MRCBF,,,"Boeing, HAL,Mahindra tie up to build super hornet  fighters in India",,
3535,123456789/2749,"Shukla, Ajai",2013-09,,,"The Business Standard, 21 September 2013",,http://hdl.handle.net/108/84562,http://128.9.32.51:8080/jspui/handle/108/84562,en,,Business Standard,,DRDO||India||Defence Policy||Missile Programme||DRDO Projects,,,India's Missile Story,,Article,
3543,123456789/2749,"Shukla, Ajai",2012-07-05,,,"Bussiness Standerds, Delhi, 5 July 2012",,http://hdl.handle.net/108/84555,http://128.9.32.51:8080/jspui/handle/108/84555,en,,,,Offset policy||Arms Vendors||Defence policy,,,"MoD flouts offset policy, foreign arms vendors benefit",,Article,
3557,123456789/2749,"Shukla, Ajai",2013-11,,,,,http://hdl.handle.net/108/84543,http://128.9.32.51:8080/jspui/handle/108/84543,en_US,,The Business Standard,,India||DRDO||Defence Industry||Defence Policy,,,Signs of change in Indiaâ€™s Defence Industrial Base,,Article,
3579,123456789/2749,Janes,2019-05-31,,,,ATAGS,http://hdl.handle.net/108/155519,http://128.9.32.51:8080/jspui/handle/108/155519,,,,Janes,,ATAGS||Howitzer||Advanced Towed Artillery Gun System (ATAGS)||Armament Research & Development Establishment,,,India to conclude user trials of  first locally developed howitzer,,Article
3574,123456789/2749,Navbharat,2019-07-21,,,,,http://hdl.handle.net/108/155710,http://128.9.32.51:8080/jspui/handle/108/155710,,,,Navbharat,,Data||Digital India,,,Data ke sailab me doobta Digital India,,Article
3563,123456789/2749,Times Of India,2020-01-13,,,,,http://hdl.handle.net/108/156383,http://128.9.32.51:8080/jspui/handle/108/156383,,en_US,,The Times Of India,,Smart Bomb||Futuristic Weapon||guided artillery ammunition,,,"Smart bombs, futuristic . combat vehicle in pipeline: OFB head",,
3536,123456789/2749,"Shukla, Ajai",2013-09,,,,,http://hdl.handle.net/108/84561,http://128.9.32.51:8080/jspui/handle/108/84561,en,,"The Business Standard, 17 September 2013",,Javelin missile||Joint Excercise||Anti tank missile,,,US offers to co-develop new Javelin missile with India,,Article,
3551,123456789/2749,Task and Purpose,2020-10-15,,,,,http://hdl.handle.net/108/173116,http://128.9.32.51:8080/jspui/handle/108/173116,,,,Source : https://taskandpurpose.com/military-tech/army-barrett-mrad-advanced-sniper-rifle-rfi,,Multi-Role Adaptive Rifle (MRAD)||MRAD||Manager Soldier Lethality,,,The Army is officially doubling down on a brand new sniper rifle,,
3544,123456789/2749,"Shukla, Ajai",2010-08-08,,"Business Standard, New Delhi, 08 August 2010",,,http://hdl.handle.net/108/84554,http://128.9.32.51:8080/jspui/handle/108/84554,en,,,,FMBT||DPP,,,Indian industry at landmark defence tender,,Article,
3569,123456789/2749,"Shukla, Ajai",2013-08,,,,,http://hdl.handle.net/108/84532,http://128.9.32.51:8080/jspui/handle/108/84532,en,,"The  Business Standard, 4 August 2013",,ULH||Ultra Light Howitzer||Artillery weapon||155mm||BAE system,,,"Amid procurement gloom, M-777 gun offers army hope",,Article,
3607,123456789/2749,News Service,2017-12-06,,,,"PTI, 5 Dec 2017",http://hdl.handle.net/108/151801,http://128.9.32.51:8080/jspui/handle/108/151801,,,,,,RAC||DoPT||DRDO,,,B P Sharma appointed chairman of RAC in DRDO,,
3537,123456789/2749,,2011-11-30,,,,,http://hdl.handle.net/108/84560,http://128.9.32.51:8080/jspui/handle/108/84560,,,The Statesman,,INSAS rifle||Assault rifle,,,Army issues global tender for new assault rifles,,,
3558,123456789/2749,"Unithan, Sandeep",,,,,,http://hdl.handle.net/108/84542,http://128.9.32.51:8080/jspui/handle/108/84542,,,,,Assault rifle||INSAS||MCAR||Multi-Caliber Assault Rifles||Defence procurement,,,Why Indian Army has only itself to blame for assault rifle fiasco,,,
3588,123456789/2749,"Shukla, Ajay",2018-04-11,,,,,http://hdl.handle.net/108/153370,http://128.9.32.51:8080/jspui/handle/108/153370,,,,Bussiness Standards,,Defexpo 2018,,,"Nirmala to ''open'' Defexpo on Wednesday,Modi to ''inagurate'' on thursday",,
3545,123456789/2749,"Shukla, Ajai",2010-08-10,,"Business Standard, New Delhi, 10 August 2010",,,http://hdl.handle.net/108/84553,http://128.9.32.51:8080/jspui/handle/108/84553,en,,,,FMBT||Armour vehicle,,,You got it! Now deserve it,,Article,
3552,123456789/2749,The Hindu,2020-01-13,,,,,http://hdl.handle.net/108/156384,http://128.9.32.51:8080/jspui/handle/108/156384,,,,The Hindu,,Light Combat Aircraft||Tejas,,,LCA Navy variant successfully. lands on INS Vikramaditya,,
3538,123456789/2749,,2011-03-13,,,"Punjab Keshari, 13 March 2011",,http://hdl.handle.net/108/84559,http://128.9.32.51:8080/jspui/handle/108/84559,en,,,,Arjun tank||Armed forces||India||DRDO,,,Arjun Tank saamil hua 75 armed regiment main,,Article,
3600,123456789/2749,The Hindu,2020-09-17,,,,,http://hdl.handle.net/108/173113,http://128.9.32.51:8080/jspui/handle/108/173113,,,,The Hindu,,Advanced Towed Array Gun System (ATAGS),,,Indigenous heavy artillery gun accident report in 10 days,,
3564,123456789/2749,The Hindu,2015-01-06,,,"The Hindu(2015). Dr VK Saraswat, former DRDO chief, appointed to NITI Aayog",,http://hdl.handle.net/108/84537,http://128.9.32.51:8080/jspui/handle/108/84537,,,,,,,,"Dr VK Saraswat, former DRDO chief, appointed to NITI Aayog",,Article,
3546,123456789/2749,"Shukla, Ajai",2010-08-10,,"Business Standard, New Delhi, 10 August 2010",,,http://hdl.handle.net/108/84552,http://128.9.32.51:8080/jspui/handle/108/84552,en,,,,FMBT||Armour Vehicle,,,DRDO to develop army's next-generation tank,,Article,
3559,123456789/2749,"Shukla, Ajai",2015,,,"The Business Standard, 12 February 2015",,http://hdl.handle.net/108/84541,http://128.9.32.51:8080/jspui/handle/108/84541,en,,,,Defence Mordnisation||Defence Industry||Battlefield Management System||BMS||Make Indian,,,"L&T and BEL consortia set to get Rs 40,000 crore project to develop â€œdigital soldier""",,Article,
3570,123456789/2749,"Sukumar, Arun Mohan",2020-01-01,"Why, then, have most Indians not heard ofNICNET? Why did this futuristic network become a foot note in India's governance story? The answer is, alas, all too predictable-politics. Politics has singularly shaped the trajectory of technological advancement of India since Independence-and if the past is indeed a prologue, this coming decade will be no different.",,,,http://hdl.handle.net/108/156382,http://128.9.32.51:8080/jspui/handle/108/156382,,,,India Today,,Big Data||NICNET||Data||VSNL,,,SOLID STATE TECHNOLOGY,,Article
3553,123456789/2749,"Banerjee, Ajay",2010-12-14,,,,,http://hdl.handle.net/108/84547,http://128.9.32.51:8080/jspui/handle/108/84547,en,,,,Small Arms||INSAS||UBGL,,,Army to shop for new firing weapons,,Article,
3584,123456789/2749,"Dighe, Sandip",2018-06-11,,,,,http://hdl.handle.net/108/153937,http://128.9.32.51:8080/jspui/handle/108/153937,,,,The Times Of India,,NCAAT-2018||DRDO||ARDE||DAC||Pinaka||ACE,,,DRDO to deliver superior versionÂ· of Pinaka by 2020,,Article
3575,123456789/2749,"Singh, Vijaita",2019-07-20,,,,,http://hdl.handle.net/108/155709,http://128.9.32.51:8080/jspui/handle/108/155709,,,,The Hindu,,DRDO||DIPAS||RAF,,,Women in CRPF will soon get specially designed body gear,,Article
3580,123456789/2749,Agencies,2018-09-17,,,,,http://hdl.handle.net/108/154307,http://128.9.32.51:8080/jspui/handle/108/154307,,en_US,,The Indian Express,,Ancient sphinx||Egypt,,,Ancient sphinx found in Egypt,,Article
3565,123456789/2749,"Shukla, Ajai",2015-01-06,,,"Shukla Ajai(2015) DefMin to ease procurement procedure, galvanise industry with â€œMakeâ€ projects,Business Standard",,http://hdl.handle.net/108/84536,http://128.9.32.51:8080/jspui/handle/108/84536,,,Business Standard,,,,,"DefMin to ease procurement procedure, galvanise industry with â€œMakeâ€ projects",,Article,
3595,123456789/2749,Economic Bureau,2018-04-11,,,,,http://hdl.handle.net/108/153364,http://128.9.32.51:8080/jspui/handle/108/153364,,,,,,Defense||Aerospace||C4I,,,"Tata Sons to bring defence, aerospace under one root",,Article
3571,123456789/2749,"Hooda, D.S.",2020-01-01,Some answers to how conflict s could unfold also do not require a great leap into the future. Studying the current trends and their forward trajectory could provide pointers to the direction in which we are headed. Let me outline four such trends.,,,,http://hdl.handle.net/108/156381,http://128.9.32.51:8080/jspui/handle/108/156381,,,,India Today,,Future Wars||Artificial Intelligence||Cyber Attacks||Grey Zone,,,THE TRAJECTORY FOR FUTURE WARS,,Article
3560,123456789/2749,"Katoch, Prakash",2016-05,,,"First Post, 12 May 2016",,http://hdl.handle.net/108/84540,http://128.9.32.51:8080/jspui/handle/108/84540,,,,,DRDO||Defence Minister||Akash||Missile||Akash Regiment,,,Has DRDO taken Defence Minister Parrikar and India for a ride?,,,
3566,123456789/2749,"Shukla, Ajai",2015-01-07,,,Shukla Ajai (jan 2015) â€œMade in Indiaâ€ vs â€œMake in Indiaâ€,,http://hdl.handle.net/108/84535,http://128.9.32.51:8080/jspui/handle/108/84535,,,,,Made in India||Make in India||Defence Industry||Defence Procurement||Make category,,,"""Made in Indiaâ€ vs â€œMake in Indiaâ€",,Article,
3592,123456789/2749,"Shukla, Ajay",2018-04-14,,,,,http://hdl.handle.net/108/153367,http://128.9.32.51:8080/jspui/handle/108/153367,,,,Bussiness Standards,,Kamov-226T||IAF||Defexpo 2018||HAL||MoD,,,Navy to Consider new ship-borne Kamov -226T helicopters,,
3576,123456789/2749,,2019-06-10,,,,,http://hdl.handle.net/108/155522,http://128.9.32.51:8080/jspui/handle/108/155522,,,,Times Of India,,Cyber War||Space War||A-SAT,India must focus on cyber and space war capabilities in its defence modernisation,,The Final Frontiers,,Article
3589,123456789/2749,ANI,2020-09-17,,,,,http://hdl.handle.net/108/173114,http://128.9.32.51:8080/jspui/handle/108/173114,,,,ANI,,Howitzer accident||Advanced Towed Artillery Gun Systems (ATAGS),,,"DRDO investigating Howitzer accident, says incident not a setback for project",,
3581,123456789/2749,Agencies,2018-09-17,,,,,http://hdl.handle.net/108/154306,http://128.9.32.51:8080/jspui/handle/108/154306,,en_US,,The Indian Express,,Artificial Intelligence||Hate - Speech Detecting||Toxic content,,,Hate speech-detecting AI easily fooled by humans,,Article
3585,123456789/2749,"Kulkarni, Sushant",2018-06-09,,,,,http://hdl.handle.net/108/153936,http://128.9.32.51:8080/jspui/handle/108/153936,,,,The Indian Express,,NCAAT-2018||ARDE||DRDO||Director||Artificial Intelligenc,,,"Can't fight tomorrow's war with yesterday's weapons, incorporate AI",,Article
3609,123456789/2749,News Service,2017-12-06,,,,"The Economic Times, 06 Dec 2017",http://hdl.handle.net/108/151799,http://128.9.32.51:8080/jspui/handle/108/151799,,,,,,BrahMos Missile||DRDO||Godrej Aerospace||Sukhoi - 30 MKI,,,Godrej bags order for100 BrahMos missile airframes,,
3603,123456789/2749,THE HINDU,2018-01-19,,,,,http://hdl.handle.net/108/152185,http://128.9.32.51:8080/jspui/handle/108/152185,,en_US,,The Hindu,,Ministry of defence||ADG M&C||I&B,,,Defence Ministry Nominee takes over as media officer,,Article
3572,123456789/2749,"Express, News Service",2019-09-25,,,,,http://hdl.handle.net/108/156055,http://128.9.32.51:8080/jspui/handle/108/156055,,,,The Indian Express,,MoD||Ordinance Factory||HLOC||Ordnance Factory Board||OFB||All India Defence Employees' Federation (AIDEF)||Indian National Defence Workers' Federation (INDWF),,,MoD forms panel on Ordnance Factory Board restructuring,,Article
3598,123456789/2749,"Singh, Sushant",2018-02-14,,,,,http://hdl.handle.net/108/152402,http://128.9.32.51:8080/jspui/handle/108/152402,,en_US,,The Indian Express,,Ministry of Defence||Defence Acquisition Council||DAC||LMGs||CWC||Assault Rifles||ICCR,,,"Defence Ministry fast-tracks buying of LMGs, sniper rifles",,Article
3577,123456789/2749,"Times, The Economic",2019-06-03,,,,,http://hdl.handle.net/108/155521,http://128.9.32.51:8080/jspui/handle/108/155521,,,,Times of India,,Production||Procurement||Armament,,,Local production of defence equipment,,Article
3596,123456789/2749,Economic Bureau,2018-04-12,,,,,http://hdl.handle.net/108/153363,http://128.9.32.51:8080/jspui/handle/108/153363,,en_US,,The Indian Express,,UAV||DRDO||DSIR,,,Road Map for drones: Government announces 13-member task force,,Article
3586,123456789/2749,"Singh, Sushant",2018-04-20,,,,,http://hdl.handle.net/108/153431,http://128.9.32.51:8080/jspui/handle/108/153431,,,,The Indian Express,,Ammunition||Ministry of Defence||Defence Budget,,,"Cash crunch, Army lists high-end ammo it won't buy",,
3582,123456789/2749,Amazon Agencies,2018-09-17,,,,,http://hdl.handle.net/108/154305,http://128.9.32.51:8080/jspui/handle/108/154305,,en_US,,The Indian Express,,Digital Assistance||News Plateform,,,Digital assistants hone skills to deliver the news,,Article
3593,123456789/2749,"Ghosh, Avantika",2018-04-11,,,,,http://hdl.handle.net/108/153366,http://128.9.32.51:8080/jspui/handle/108/153366,,,,The Indian Express,,Chemical weapon||Nerve cells||nerve gas,,,"How nerve gas and other chemical weapon kill, in Syria or elsewhere",,
3618,123456789/2749,"Gurung, Shaurya||Chaudhury, Dipanjan Roy",2017-11-27,,,,"The Economic Times, 24 nov 2017",http://hdl.handle.net/108/151699,http://128.9.32.51:8080/jspui/handle/108/151699,,,,,,Kamov Ka-226T||Military helicopters||Joint venture||Rotocraft||HAL||MOD||Sukhoi 30-MKI aircraft,,,Russia's Choppers Made in India May Be Exported,,
3601,123456789/2749,The Economist News Paper Limited,2018-01-30,,,,,http://hdl.handle.net/108/152204,http://128.9.32.51:8080/jspui/handle/108/152204,,en_US,,The Indian Express,,"Military Robotics,||Artificial Intelligents||Big-data analysis||Electronic Warfare||Cyber Attacks",,,Military Robotics War at Hyperspeed Getting to grips with military robotics,,Article
3606,123456789/2749,"Gurung, Shaurya",2017-12-07,,,,,http://hdl.handle.net/108/151802,http://128.9.32.51:8080/jspui/handle/108/151802,,,,The Economic Times,,DRDO||CHESS||LASTEC||Laser Weapon||DEWs||UAV||Technology Focus,,,India a step closer to laser weaponry,,
3590,123456789/2749,"Shukla, Ajay",2018-04-13,,,,,http://hdl.handle.net/108/153369,http://128.9.32.51:8080/jspui/handle/108/153369,,,,Bussiness Standards,,Defexpo 2018||Defence industry||Make in India||BPJ,"Modi also attended demonstraion by the seashore of army ,navy and airforce indigenous equipment",,"Modi points to green shoots,claims, ''humble begining'' in building defence industry",,
3611,123456789/2749,,2020-10-06,,,,,http://hdl.handle.net/108/173112,http://128.9.32.51:8080/jspui/handle/108/173112,,,,Task and purpose.com,,Optic Rifle||TANGO6T 1-6X24 mm,,,Soldiers are officially getting a brand new rifle optic,,
3599,123456789/2749,"Singh, Sushant",2018-01-02,,,,,http://hdl.handle.net/108/152319,http://128.9.32.51:8080/jspui/handle/108/152319,,en_US,,The Indian Express,,GDP||FY2018||Defence Budget||BE 2017-18||Finance Minister,,,Defence gets 1.58% of GDP lowest allocation since 1962,,Article
3604,123456789/2749,"Kulkarni, Sushant",2018-01-18,,,,,http://hdl.handle.net/108/152184,http://128.9.32.51:8080/jspui/handle/108/152184,,en_US,,The Hindu,,ICBM||AGNI-5||HEMRL||VRDE||DRDO,,,DRDO lab in Pune Provided Key Parts for AGNI-5,,Article
3613,123456789/2749,"Pandita, Naveen",2017-12-04,,,,"The Hindu,04 Dec 2017",http://hdl.handle.net/108/151796,http://128.9.32.51:8080/jspui/handle/108/151796,,,,,,LAKSHYA||Dovnier 228||SAR||SHBO||DRDO,,,AIR ARM OF INDIAN NAVY; Indigenous Effort,,
3608,123456789/2749,"shukla, Ajai",2017-12-06,,,,"Business Standard, 1 Dec 2017",http://hdl.handle.net/108/151800,http://128.9.32.51:8080/jspui/handle/108/151800,,,,,,Battlefield Management System||MANET||SDR||GIS||Blue force tracking||Tata Power||L & T||BEL||Rolta India Ltd||DPrB,,,"Army, MoD look to shut down ""high-tech soldier"" programme",,
3602,123456789/2749,"Pandit, Rajat",2018-01-19,,,,,http://hdl.handle.net/108/152186,http://128.9.32.51:8080/jspui/handle/108/152186,,en_US,,The Times of India,,ICBM||AGNI-5||SFC||DRDO||MIRVs,,,Entire China Could Soon be within India's N-strike Zone,,Article
3610,123456789/2749,News Service,2017-12-06,,,,"The Hindu,06 Dec 2017",http://hdl.handle.net/108/151798,http://128.9.32.51:8080/jspui/handle/108/151798,,,,,,Akash||Supersonic||Surface to Air||UAV||Banshee,,,Akash test-fired successfully,,
3615,123456789/2749,News Service,2017-12-04,,,,"The Times of India, 04 Dec 2017",http://hdl.handle.net/108/151794,http://128.9.32.51:8080/jspui/handle/108/151794,,,,,,ICBM||IRBM||MRBM||SRBM||AGNI-III||Ballistic missile||RS-20V||Surface to surface||Air to surface,,,The ABC of missile race,,
3617,123456789/2749,"Dighe, Sandip",2017-11-27,,,,"The Times of India, 24 nov 2017",http://hdl.handle.net/108/151700,http://128.9.32.51:8080/jspui/handle/108/151700,,,,,,HEMRL||Solid Propellant booster||BrahMos||Supersonic Cruise||Missile Ramjet engine||DRDO,,,HEMRL builds indigenous booster for BrahMos missile,,
3612,123456789/2749,News Service,2017-12-05,,,,"Navbharat, 05 Dec 2017",http://hdl.handle.net/108/151797,http://128.9.32.51:8080/jspui/handle/108/151797,,,,,,Ministry of Defence||Make In India||DRDO||AAKASH||Anti Tank Guided Missile,,,Raksha Mantralaya Ne bachaye 1 Lakh Crore,,
3620,123456789/2749,"Peri, Dinakar",2017-11-23,,,,"The Hindu,23 Nov 2017",http://hdl.handle.net/108/151653,http://128.9.32.51:8080/jspui/handle/108/151653,,,,,,BrahMos||Supersonic missile||DRDO||SU-30 mk I aircraft||Air-to-surface cruise missile,,,"In a first, air-launched BrahMos missile test-fired",,
3619,123456789/2749,"Singh, Sushant",2017-11-20,,,,"The Indian Express,20 Nov 2017",http://hdl.handle.net/108/151654,http://128.9.32.51:8080/jspui/handle/108/151654,,,,,,ATGM||SPIKE missile||Anti tank gun missile||DRDO,,,"MoD Scraps $500 - m Israeli missile deal, wants DRDO to make in India",,
3614,123456789/2749,"Singh, Manpreet",2017-12-04,,,,"The Hindu,04 Dec 2017",http://hdl.handle.net/108/151795,http://128.9.32.51:8080/jspui/handle/108/151795,,,,,,Indian Navy||Territorial water||LIMO,,,Indian Navy: A Multi-Dimensional Multi-Faceted Silent Force,,
3621,123456789/2749,News Service,2017-10-17,,,,,http://hdl.handle.net/108/151560,http://128.9.32.51:8080/jspui/handle/108/151560,,,,,,Guidede Rocket||Pinaka||Pinaka Guided Rocket||ARDE||DRDO||Aircraff||CSS||HTT-40||LCA||ATAGS||Artillery Gun||Low Drag Aircraff Bomb||Aircraff Bomb||composite Drive||ARDE PMN-PT||Sensors||Defences Scientist,,,Compilation of News on ARDE's Achievements (Jan-Sept 2017),,
3622,123456789/2749,Ajai Shukla,2020-05-13,,,,,http://hdl.handle.net/108/173111,http://128.9.32.51:8080/jspui/handle/108/173111,,,,Bussiness Standard,,biological defence||biological weapons,,,Govt exhorts DRDO to revive work on biological defence initiative,,
3647,123456789/2749,"Dighe, Sandeep",2017-02-12,,,,"The Times of India, 12 February 2017",http://hdl.handle.net/108/148935,http://128.9.32.51:8080/jspui/handle/108/148935,,,,,,DRDO Labs||ARDE||Interceptor Missile||HEMRL||Missile Test,,,3 Pune DRDO labs' hand in missile launch,,
3640,123456789/2749,"Peri, Dinakar",2017-03-12,,,,"The Hindu, 12 March 2017",http://hdl.handle.net/108/148941,http://128.9.32.51:8080/jspui/handle/108/148941,,,,,,Military fund||Defence acquisition||Non-lapsable Capital Fund,,,Non-Iapsable fund sought for arms buy,,
3623,123456789/2749,Times News Service,2017-09-28,,,,"The Times of India,28sep2017",http://hdl.handle.net/108/151454,http://128.9.32.51:8080/jspui/handle/108/151454,,,,,,Artillery Gun||DRDO||ATAGS,,,Advanced artillery gun passes user trials in deserts:DRDO,,
3632,123456789/2749,"Pandit, Rajat",2017-05-15,,,,"The Times of India, 15 May 2017",http://hdl.handle.net/108/149543,http://128.9.32.51:8080/jspui/handle/108/149543,,,,,,Defence Procurement Organisation||DPO||Ministry Of Defence||Defence Policy,,,"New agency to push arms buys, production",,
3624,123456789/2749,The Times of India,2017-06-22,,,,"The Times of India, 22 June 2017",http://hdl.handle.net/108/149739,http://128.9.32.51:8080/jspui/handle/108/149739,,,,,,Make in India||Collaborative Manufacturing||Russia||India||DRDO||Technoprom - 2017,,,Jaitley asks Russia defence sector cos to 'Make in India',,
3654,123456789/2749,"Shukla, Ajai",2012,,,"The Business Standard, 7 January 2012",,http://hdl.handle.net/108/84648,http://128.9.32.51:8080/jspui/handle/108/84648,,,,,FMBT||MBT Arjun||DRDO||CVRDE,,,The Great Indian Tank Design Challenge,,,
3648,123456789/2749,"Shukla, Ajai",2011-11-24,,,,,http://hdl.handle.net/108/84654,http://128.9.32.51:8080/jspui/handle/108/84654,,,,,MBT||Arjun tank,,,"Heavier, more lethal arjun tank poised for trials",,,
3633,123456789/2749,Ajai Shukla,2020-05-18,,,,,http://hdl.handle.net/108/173110,http://128.9.32.51:8080/jspui/handle/108/173110,,en_US,,Bussiness Standard,,defence testing infrastructure,,,MoD approves Rs 400 crore defence testing infrastructure scheme,,Article
3641,123456789/2749,,2017-03-09,,,,The Press Trust of India,http://hdl.handle.net/108/148940,http://128.9.32.51:8080/jspui/handle/108/148940,,,,,,DRDO||Budget Estimates||DRDO Projects||DRDO Expenditure,,,Cuts in funds for DRDO forced it to put major projects on,,
3625,123456789/2749,"Chauhan, Neeraj",2017-06-12,,,,"The Times of India, 09 June 2017",http://hdl.handle.net/108/149723,http://128.9.32.51:8080/jspui/handle/108/149723,,,,,,Weapon Tracking System||RFID Application||GPS Tracker||GPS Technology,,,CRPFexploring tech to track looted weapons,,
3634,123456789/2749,"Peri, Dinakar",2017-05-15,,,,"The Hindu, 15 May 2017",http://hdl.handle.net/108/149542,http://128.9.32.51:8080/jspui/handle/108/149542,,,,,,Defence Policy||Defence Procurement-Policy||Single Vendor Procurement,,,Policy tweak to speed up defence purchases,,
3626,123456789/2749,"Kumar, Chethan",2017-06-12,,,,"The Times of India, 09 June 2017",http://hdl.handle.net/108/149722,http://128.9.32.51:8080/jspui/handle/108/149722,,,,,,DRDO||INSAS||Assault rifle||Ordnance Factory,,,Trial of indigenous asault rifle to begin on June12,,
3642,123456789/2749,Economic Time Service,2017-02-16,,,,"The Economic Times, 16 February 2017",http://hdl.handle.net/108/148939,http://128.9.32.51:8080/jspui/handle/108/148939,,,,,,Isro||PSLV||Satellite||Cartosat-2,,,IsroLaunch 104 satellites In one shot,,
3649,123456789/2749,"Shukla, Ajai",2011-11-24,,,,,http://hdl.handle.net/108/84653,http://128.9.32.51:8080/jspui/handle/108/84653,,,,,MBT||Arjun,,,"T-90 tank: Technology transfer, supply of assemblies hit Russian stonewall",,,
3635,123456789/2749,"Ajai, Shukla",2017-03-26,,,,"Business Standard,26 March 2017",http://hdl.handle.net/108/149134,http://128.9.32.51:8080/jspui/handle/108/149134,,,,,,DRDO||DRDO Revmping||DRDO restructuring,,,"Three years after Modi rattled DRDO, little has changed",,
3627,123456789/2749,The Indian Express,2017-06-08,,,,"The Indian Express, 08 June 2017",http://hdl.handle.net/108/149721,http://128.9.32.51:8080/jspui/handle/108/149721,,,,,,Ordnance Factory||Talegaon||Ordnance Depot||Platinum jubilee,,,Talegaon Ordnance Depot celebrates platinum jubilee,,
3643,123456789/2749,"Pandit, Rajat",2017-02-12,,,,"The Times of India, 12 February 2017",http://hdl.handle.net/108/148938,http://128.9.32.51:8080/jspui/handle/108/148938,,,,,,Ballestic Missile Defence||DRDO||Interceptor Missile||Missile Test,,,Intereeptor missile test a hit; two-layered shield possible,,
3628,123456789/2749,"Peri, Dinakar",2017-06-05,,,,"The Hindu, 05 June 2017",http://hdl.handle.net/108/149720,http://128.9.32.51:8080/jspui/handle/108/149720,,,,,,Small Arms||Defence Procurement||Assault rifle||INSAS,,,"New rifle ready, but Army holds fire",,
3636,123456789/2749,"Shukla, Ajai",2017-04-03,,,,"Business Standard,03 April 2017",http://hdl.handle.net/108/149133,http://128.9.32.51:8080/jspui/handle/108/149133,,,,,,DRDO||strategic partner||DPP-2016,,,Crucial defence ministry meeting today to look at â€œstrategic partnerâ€ policy,,
3650,123456789/2749,"Shukla, Ajai",2011-11-24,,,,,http://hdl.handle.net/108/84652,http://128.9.32.51:8080/jspui/handle/108/84652,,,,,MBT||Arjun tank,,,Improving the Arjun's already great suspension,,,
3629,123456789/2749,"Dighe, Sandip",2017-05-29,,,,"The Times of India, 29 May 2017",http://hdl.handle.net/108/149550,http://128.9.32.51:8080/jspui/handle/108/149550,,,,,,Defence||Defence Manufacturing||Strategic Partership||Self reliant,,,Jaitley pitches for India as defence manufacturing hub,,
3644,123456789/2749,The Hitavada,2020-10-01,,,,,http://hdl.handle.net/108/173109,http://128.9.32.51:8080/jspui/handle/108/173109,,,,,,155 mm x 39 Howitzer gun||ATAGS,,,Fresh Firing trials of indigenous 155 mm x 39 Howitzer gun successful,,
3637,123456789/2749,"Shukla, Ajai",2017-03-26,,,,"The Times of India, Delhi, 26 March 2017",http://hdl.handle.net/108/149132,http://128.9.32.51:8080/jspui/handle/108/149132,,,,,,125mm anti-tank ammunition||Jabalpur||Ordnance Factory blast,,,Blasts rock ordnance factory in Jabalpur,,
3630,123456789/2749,"Pandit, Rajat",2017-05-18,,,,"The Times of India, 18 May 2017",http://hdl.handle.net/108/149545,http://128.9.32.51:8080/jspui/handle/108/149545,,,,,,Ultra light howitzer||M777||ULH||BAE System||Bofors Gun,,,Bofors jinx breaks : 155mm artillery guns land today,,
3651,123456789/2749,"Shukla, Ajai",2011-11-24,,,,,http://hdl.handle.net/108/84651,http://128.9.32.51:8080/jspui/handle/108/84651,,,,,MBT||Arjun tank,,,Large orders can make Arjun tank cheaper,,,
3638,123456789/2749,,2017-03-15,,,,"The Times of India, 15 March 2017",http://hdl.handle.net/108/148943,http://128.9.32.51:8080/jspui/handle/108/148943,,,,,,Raksha Mantri||DRDO||Military Modernisation||Defence acquisition,,,"Back as raksha mantri, Jaitley will have to come out all guns blazing",,
3645,123456789/2749,Express service,2017-02-12,,,,"The Indian Express, 12 February 2017",http://hdl.handle.net/108/148937,http://128.9.32.51:8080/jspui/handle/108/148937,,,,,,Interceptor Missile||Missile Test,,,India's own interceptor missile soars high,,
3631,123456789/2749,"Singh, Sushant",2017-05-18,,,,"The Indian Express, 18 May 2017",http://hdl.handle.net/108/149544,http://128.9.32.51:8080/jspui/handle/108/149544,,,,,,Ultra light howitzer||M777||ULH||BAE System||Bofors Gun,,,"Army gets its first artillery guns three decades after Bofors, will be tested at Pokhran today",,
3639,123456789/2749,"Pubby, Manu",2017-03-14,,,,"The Economic Times, 14 March 2017",http://hdl.handle.net/108/148942,http://128.9.32.51:8080/jspui/handle/108/148942,,,,,,Defence minister||Military Reforms||Manoar Parrikar,,,Parrikar Leaves Defence with Key Tasks Unfinished,,
3652,123456789/2749,"Shukla, Ajai",2011-11-24,,,,,http://hdl.handle.net/108/84650,http://128.9.32.51:8080/jspui/handle/108/84650,,,,,Arjun tank||MBT,,,Upcoming modifications on the Arjun Mark II,,,
3646,123456789/2749,Navbharat,2017-03-02,,,,"Navbharat, 02 March 2017",http://hdl.handle.net/108/148936,http://128.9.32.51:8080/jspui/handle/108/148936,,,,,,DRDO Lab||ARDE||Interceptor Missile||HEMRL||Missile Test,,,Missile kaa safal parikshan,,
3653,123456789/2749,"Shukla, Ajai",2015-01-04,,,Shukla Ajai (jan 2015)Parrikar engages private defence industry to boost indigenous arms,,http://hdl.handle.net/108/84649,http://128.9.32.51:8080/jspui/handle/108/84649,en,,Indian express,,make category||Defence production||MSME||Defence Industry||Private defence industry,,,Parrikar engages private defence industry to boost indigenous arms,,Article,
